date,bank_rate,ois_7d,ftse_allshare,gdp_yoy,cpi_yoy,unemployment_pct,weekly_earnings_yoy
1948-01-31,,,,11425.0,,,
1948-02-29,,,,,,,
1948-03-31,,,,,,,
1948-04-30,,,,,,,
1948-05-31,,,,,,,
1948-06-30,,,,,,,
1948-07-31,,,,,,,
1948-08-31,,,,,,,
1948-09-30,,,,,,,
1948-10-31,,,,,,,
1948-11-30,,,,,,,
1948-12-31,,,,,,,
1949-01-31,,,,12168.0,,,
1949-02-28,,,,,,,
1949-03-31,,,,,,,
1949-04-30,,,,,,,
1949-05-31,,,,,,,
1949-06-30,,,,,,,
1949-07-31,,,,,,,
1949-08-31,,,,,,,
1949-09-30,,,,,,,
1949-10-31,,,,,,,
1949-11-30,,,,,,,
1949-12-31,,,,,,,
1950-01-31,,,,12737.0,,,
1950-02-28,,,,,,,
1950-03-31,,,,,,,
1950-04-30,,,,,,,
1950-05-31,,,,,,,
1950-06-30,,,,,,,
1950-07-31,,,,,,,
1950-08-31,,,,,,,
1950-09-30,,,,,,,
1950-10-31,,,,,,,
1950-11-30,,,,,,,
1950-12-31,,,,,,,
1951-01-31,,,,14298.0,,,
1951-02-28,,,,,,,
1951-03-31,,,,,,,
1951-04-30,,,,,,,
1951-05-31,,,,,,,
1951-06-30,,,,,,,
1951-07-31,,,,,,,
1951-08-31,,,,,,,
1951-09-30,,,,,,,
1951-10-31,,,,,,,
1951-11-30,,,,,,,
1951-12-31,,,,,,,
1952-01-31,,,,15528.0,,,
1952-02-29,,,,,,,
1952-03-31,,,,,,,
1952-04-30,,,,,,,
1952-05-31,,,,,,,
1952-06-30,,,,,,,
1952-07-31,,,,,,,
1952-08-31,,,,,,,
1952-09-30,,,,,,,
1952-10-31,,,,,,,
1952-11-30,,,,,,,
1952-12-31,,,,,,,
1953-01-31,,,,16675.0,,,
1953-02-28,,,,,,,
1953-03-31,,,,,,,
1953-04-30,,,,,,,
1953-05-31,,,,,,,
1953-06-30,,,,,,,
1953-07-31,,,,,,,
1953-08-31,,,,,,,
1953-09-30,,,,,,,
1953-10-31,,,,,,,
1953-11-30,,,,,,,
1953-12-31,,,,,,,
1954-01-31,,,,17589.0,,,
1954-02-28,,,,,,,
1954-03-31,,,,,,,
1954-04-30,,,,,,,
1954-05-31,,,,,,,
1954-06-30,,,,,,,
1954-07-31,,,,,,,
1954-08-31,,,,,,,
1954-09-30,,,,,,,
1954-10-31,,,,,,,
1954-11-30,,,,,,,
1954-12-31,,,,,,,
1955-01-31,,,,19160.0,,,
1955-02-28,,,,,,,
1955-03-31,,,,,,,
1955-04-30,,,,,,,
1955-05-31,,,,,,,
1955-06-30,,,,,,,
1955-07-31,,,,,,,
1955-08-31,,,,,,,
1955-09-30,,,,,,,
1955-10-31,,,,,,,
1955-11-30,,,,,,,
1955-12-31,,,,,,,
1956-01-31,,,,20832.0,,,
1956-02-29,,,,,,,
1956-03-31,,,,,,,
1956-04-30,,,,,,,
1956-05-31,,,,,,,
1956-06-30,,,,,,,
1956-07-31,,,,,,,
1956-08-31,,,,,,,
1956-09-30,,,,,,,
1956-10-31,,,,,,,
1956-11-30,,,,,,,
1956-12-31,,,,,,,
1957-01-31,,,,22093.0,,,
1957-02-28,,,,,,,
1957-03-31,,,,,,,
1957-04-30,,,,,,,
1957-05-31,,,,,,,
1957-06-30,,,,,,,
1957-07-31,,,,,,,
1957-08-31,,,,,,,
1957-09-30,,,,,,,
1957-10-31,,,,,,,
1957-11-30,,,,,,,
1957-12-31,,,,,,,
1958-01-31,,,,23210.0,,,
1958-02-28,,,,,,,
1958-03-31,,,,,,,
1958-04-30,,,,,,,
1958-05-31,,,,,,,
1958-06-30,,,,,,,
1958-07-31,,,,,,,
1958-08-31,,,,,,,
1958-09-30,,,,,,,
1958-10-31,,,,,,,
1958-11-30,,,,,,,
1958-12-31,,,,,,,
1959-01-31,,,,24378.0,,,
1959-02-28,,,,,,,
1959-03-31,,,,,,,
1959-04-30,,,,,,,
1959-05-31,,,,,,,
1959-06-30,,,,,,,
1959-07-31,,,,,,,
1959-08-31,,,,,,,
1959-09-30,,,,,,,
1959-10-31,,,,,,,
1959-11-30,,,,,,,
1959-12-31,,,,,,,
1960-01-31,,,,26189.0,,,
1960-02-29,,,,,,,
1960-03-31,,,,,,,
1960-04-30,,,,,,,
1960-05-31,,,,,,,
1960-06-30,,,,,,,
1960-07-31,,,,,,,
1960-08-31,,,,,,,
1960-09-30,,,,,,,
1960-10-31,,,,,,,
1960-11-30,,,,,,,
1960-12-31,,,,,,,
1961-01-31,,,,27905.0,,,
1961-02-28,,,,,,,
1961-03-31,,,,,,,
1961-04-30,,,,,,,
1961-05-31,,,,,,,
1961-06-30,,,,,,,
1961-07-31,,,,,,,
1961-08-31,,,,,,,
1961-09-30,,,,,,,
1961-10-31,,,,,,,
1961-11-30,,,,,,,
1961-12-31,,,,,,,
1962-01-31,,,,29224.0,,,
1962-02-28,,,,,,,
1962-03-31,,,,,,,
1962-04-30,,,,,,,
1962-05-31,,,,,,,
1962-06-30,,,,,,,
1962-07-31,,,,,,,
1962-08-31,,,,,,,
1962-09-30,,,,,,,
1962-10-31,,,,,,,
1962-11-30,,,,,,,
1962-12-31,,,,,,,
1963-01-31,,,,31090.0,,,
1963-02-28,,,,,,,
1963-03-31,,,,,,,
1963-04-30,,,,,,,
1963-05-31,,,,,,,
1963-06-30,,,,,,,
1963-07-31,,,,,,,
1963-08-31,,,,,,,
1963-09-30,,,,,,,
1963-10-31,,,,,,,
1963-11-30,,,,,,,
1963-12-31,,,,,,,
1964-01-31,,,,34038.0,,,
1964-02-29,,,,,,,
1964-03-31,,,,,,,
1964-04-30,,,,,,,
1964-05-31,,,,,,,
1964-06-30,,,,,,,
1964-07-31,,,,,,,
1964-08-31,,,,,,,
1964-09-30,,,,,,,
1964-10-31,,,,,,,
1964-11-30,,,,,,,
1964-12-31,,,,,,,
1965-01-31,,,,36818.0,,,
1965-02-28,,,,,,,
1965-03-31,,,,,,,
1965-04-30,,,,,,,
1965-05-31,,,,,,,
1965-06-30,,,,,,,
1965-07-31,,,,,,,
1965-08-31,,,,,,,
1965-09-30,,,,,,,
1965-10-31,,,,,,,
1965-11-30,,,,,,,
1965-12-31,,,,,,,
1966-01-31,,,,39383.0,,,
1966-02-28,,,,,,,
1966-03-31,,,,,,,
1966-04-30,,,,,,,
1966-05-31,,,,,,,
1966-06-30,,,,,,,
1966-07-31,,,,,,,
1966-08-31,,,,,,,
1966-09-30,,,,,,,
1966-10-31,,,,,,,
1966-11-30,,,,,,,
1966-12-31,,,,,,,
1967-01-31,,,,41666.0,,,
1967-02-28,,,,,,,
1967-03-31,,,,,,,
1967-04-30,,,,,,,
1967-05-31,,,,,,,
1967-06-30,,,,,,,
1967-07-31,,,,,,,
1967-08-31,,,,,,,
1967-09-30,,,,,,,
1967-10-31,,,,,,,
1967-11-30,,,,,,,
1967-12-31,,,,,,,
1968-01-31,,,,45786.0,,,
1968-02-29,,,,,,,
1968-03-31,,,,,,,
1968-04-30,,,,,,,
1968-05-31,,,,,,,
1968-06-30,,,,,,,
1968-07-31,,,,,,,
1968-08-31,,,,,,,
1968-09-30,,,,,,,
1968-10-31,,,,,,,
1968-11-30,,,,,,,
1968-12-31,,,,,,,
1969-01-31,,,,49754.0,,,
1969-02-28,,,,,,,
1969-03-31,,,,,,,
1969-04-30,,,,,,,
1969-05-31,,,,,,,
1969-06-30,,,,,,,
1969-07-31,,,,,,,
1969-08-31,,,,,,,
1969-09-30,,,,,,,
1969-10-31,,,,,,,
1969-11-30,,,,,,,
1969-12-31,,,,,,,
1970-01-31,,,,56020.0,,,
1970-02-28,,,,,,,
1970-03-31,,,,,,,
1970-04-30,,,,,,,
1970-05-31,,,,,,,
1970-06-30,,,,,,,
1970-07-31,,,,,,,
1970-08-31,,,,,,,
1970-09-30,,,,,,,
1970-10-31,,,,,,,
1970-11-30,,,,,,,
1970-12-31,,,,,,,
1971-01-31,,,,62841.0,,4.1,
1971-02-28,,,,,,3.8,
1971-03-31,,,,,,3.9,
1971-04-30,,,,,,4.0,
1971-05-31,,,,,,4.1,
1971-06-30,,,,,,4.1,
1971-07-31,,,,,,4.2,
1971-08-31,,,,,,4.2,
1971-09-30,,,,,,4.3,
1971-10-31,,,,,,4.4,
1971-11-30,,,,,,4.4,
1971-12-31,,,,,,4.5,
1972-01-31,,,,70502.0,,4.4,
1972-02-29,,,,,,4.5,
1972-03-31,,,,,,4.5,
1972-04-30,,,,,,4.5,
1972-05-31,,,,,,4.4,
1972-06-30,,,,,,4.4,
1972-07-31,,,,,,4.3,
1972-08-31,,,,,,4.3,
1972-09-30,,,,,,4.2,
1972-10-31,,,,,,4.2,
1972-11-30,,,,,,4.2,
1972-12-31,,,,,,4.1,
1973-01-31,,,,81687.0,,3.85,
1973-02-28,,,,,,3.9,
1973-03-31,,,,,,3.8,
1973-04-30,,,,,,3.8,
1973-05-31,,,,,,3.7,
1973-06-30,,,,,,3.7,
1973-07-31,,,,,,3.6,
1973-08-31,,,,,,3.6,
1973-09-30,,,,,,3.5,
1973-10-31,,,,,,3.5,
1973-11-30,,,,,,3.4,
1973-12-31,,,,,,3.4,
1974-01-31,,,,92534.0,,3.6,
1974-02-28,,,,,,3.6,
1974-03-31,,,,,,3.6,
1974-04-30,,,,,,3.6,
1974-05-31,,,,,,3.6,
1974-06-30,,,,,,3.6,
1974-07-31,,,,,,3.7,
1974-08-31,,,,,,3.7,
1974-09-30,,,,,,3.7,
1974-10-31,,,,,,3.7,
1974-11-30,,,,,,3.7,
1974-12-31,,,,,,3.8,
1975-01-31,11.125,,,114936.0,,4.2,
1975-02-28,10.625,,,,,4.0,
1975-03-31,10.125,,,,,4.1,
1975-04-30,9.75,,,,,4.2,
1975-05-31,10.0,,,,,4.3,
1975-06-30,,,,,,4.5,
1975-07-31,11.0,,,,,4.6,
1975-08-31,,,,,,4.7,
1975-09-30,,,,,,4.8,
1975-10-31,12.0,,,,,4.9,
1975-11-30,11.75,,,,,5.0,
1975-12-31,11.375,,,,,5.1,
1976-01-31,10.75,,,136800.0,,5.300000000000001,
1976-02-29,9.75,,,,,5.3,
1976-03-31,9.125,,,,,5.3,
1976-04-30,10.5,,,,,5.4,
1976-05-31,11.5,,,,,5.4,
1976-06-30,,,,,,5.4,
1976-07-31,,,,,,5.4,
1976-08-31,,,,,,5.5,
1976-09-30,13.0,,,,,5.5,
1976-10-31,15.0,,,,,5.5,
1976-11-30,14.75,,,,,5.5,
1976-12-31,14.375,,,,,5.5,
1977-01-31,13.166666666666666,,,159524.0,,5.55,
1977-02-28,12.0,,,,,5.5,
1977-03-31,10.333333333333334,,,,,5.5,
1977-04-30,9.0,,,,,5.5,
1977-05-31,8.125,,,,,5.5,
1977-06-30,,,,,,5.6,
1977-07-31,,,,,,5.6,
1977-08-31,7.25,,,,,5.7,
1977-09-30,6.25,,,,,5.7,
1977-10-31,5.25,,,,,5.7,
1977-11-30,7.0,,,,,5.7,
1977-12-31,,,,,,5.7,
1978-01-31,6.5,,,185837.0,,5.55,
1978-02-28,,,,,,5.6,
1978-03-31,,,,,,5.6,
1978-04-30,7.5,,,,,5.6,
1978-05-31,8.875,,,,,5.6,
1978-06-30,10.0,,,,,5.5,
1978-07-31,,,,,,5.5,
1978-08-31,,,,,,5.5,
1978-09-30,,,,,,5.5,
1978-10-31,,,,,,5.4,
1978-11-30,12.5,,,,,5.4,
1978-12-31,,,,,,5.3,
1979-01-31,,,,220586.0,,5.35,
1979-02-28,14.0,,,,,5.4,
1979-03-31,13.0,,,,,5.3,
1979-04-30,12.0,,,,,5.3,
1979-05-31,,,,,,5.3,
1979-06-30,14.0,,,,,5.3,
1979-07-31,,,,,,5.3,
1979-08-31,,,,,,5.4,
1979-09-30,,,,,,5.4,
1979-10-31,,,,,,5.4,
1979-11-30,17.0,,,,,5.5,
1979-12-31,,,,,,5.6,
1980-01-31,,,,259499.0,,6.25,
1980-02-29,,,,,,5.8,
1980-03-31,,,,,,6.0,
1980-04-30,,,,,,6.1,
1980-05-31,,,,,,6.3,
1980-06-30,,,,,,6.5,
1980-07-31,16.0,,,,,6.8,
1980-08-31,,,,,,7.1,
1980-09-30,,,,,,7.4,
1980-10-31,,,,,,7.7,
1980-11-30,14.0,,,,,8.0,
1980-12-31,,,,,,8.3,
1981-01-31,,,,289653.0,,9.1,
1981-02-28,,,,,,8.9,
1981-03-31,12.0,,,,,9.1,
1981-04-30,,,,,,9.4,
1981-05-31,,,,,,9.6,
1981-06-30,,,,,,9.7,
1981-07-31,,,,,,9.8,
1981-08-31,12.69,,,,,9.9,
1981-09-30,14.0,,,,,10.0,
1981-10-31,15.065000000000001,,,,,10.1,
1981-11-30,14.75,,,,,10.2,
1981-12-31,14.38,,,,,10.3,
1982-01-31,14.114,,,318999.0,,10.55,
1982-02-28,13.72,,,,,10.4,
1982-03-31,13.25,,,,,10.5,
1982-04-30,13.086666666666668,,,,,10.5,
1982-05-31,,,,,,10.6,
1982-06-30,12.63,,,,,10.6,
1982-07-31,12.008750000000001,,,,,10.7,
1982-08-31,11.16625,,,,,10.8,
1982-09-30,10.315000000000001,,,,,10.9,
1982-10-31,9.63,,,,,11.0,
1982-11-30,9.503333333333334,,,,,11.1,
1982-12-31,,,,,,11.2,
1983-01-31,11.0,,,350813.0,,11.35,
1983-02-28,,,,,,11.3,
1983-03-31,10.56,,,,,11.3,
1983-04-30,10.185,,,,,11.3,
1983-05-31,,,,,,11.4,
1983-06-30,9.685,,,,,11.5,
1983-07-31,,,,,,11.5,
1983-08-31,9.5,,,,,11.5,
1983-09-30,,,,,,11.6,
1983-10-31,9.06,,,,,11.6,
1983-11-30,,,,,,11.7,
1983-12-31,,,,,,11.7,
1984-01-31,,,,377386.0,,11.8,
1984-02-29,,,,,,11.8,
1984-03-31,8.685,,,,,11.9,
1984-04-30,,,,,,11.9,
1984-05-31,9.06,,,,,11.9,
1984-06-30,8.88,,,,,11.8,
1984-07-31,11.0,,,,,11.8,
1984-08-31,10.9375,,,,,11.7,
1984-09-30,,,,,,11.7,
1984-10-31,,,,,,11.7,
1984-11-30,9.75,,,,,11.6,
1984-12-31,,,,,,11.6,
1985-01-31,12.88,,,414161.0,,11.45,
1985-02-28,,,,,,11.5,
1985-03-31,13.13,,,,,11.4,
1985-04-30,12.38,,,,,11.4,
1985-05-31,,,,,,11.4,
1985-06-30,,,,,,11.3,
1985-07-31,11.63,,,,,11.3,
1985-08-31,,,,,,11.3,
1985-09-30,,,,,,11.3,
1985-10-31,,,,,,11.3,
1985-11-30,,,,,,11.3,
1985-12-31,,,,,,11.3,
1986-01-31,12.38,,,446361.0,,11.3,
1986-02-28,,,,,,11.3,
1986-03-31,11.38,,,,,11.3,
1986-04-30,10.63,,,,,11.3,
1986-05-31,9.88,,,,,11.3,
1986-06-30,,,,,,11.4,
1986-07-31,,,,,,11.4,
1986-08-31,,,,,,11.4,
1986-09-30,,,,,,11.3,
1986-10-31,10.88,,,,,11.3,
1986-11-30,,,,,,11.3,
1986-12-31,,,,,,11.2,
1987-01-31,,,,496226.0,,10.8,
1987-02-28,,,,,,11.1,
1987-03-31,10.13,,,,,11.0,
1987-04-30,9.38,,,,,10.9,
1987-05-31,8.88,,,,,10.7,
1987-06-30,,,,,,10.6,
1987-07-31,,,,,,10.4,
1987-08-31,9.88,,,,,10.2,
1987-09-30,,,,,,10.0,
1987-10-31,9.38,,,,,9.9,
1987-11-30,8.88,,,,,9.7,
1987-12-31,8.38,,,,,9.5,
1988-01-31,,,,555980.0,,9.0,
1988-02-29,8.88,,,,,9.2,
1988-03-31,8.38,,,,,9.0,
1988-04-30,7.88,,,,,8.9,
1988-05-31,7.38,,,,,8.7,
1988-06-30,8.38,,,,,8.6,
1988-07-31,10.13,,,,,8.5,
1988-08-31,11.38,,,,,8.4,
1988-09-30,,,,,,8.3,
1988-10-31,,,,,,8.2,
1988-11-30,12.88,,,,,8.0,
1988-12-31,,,,,,7.9,
1989-01-31,,,,615125.0,5.7,7.45,
1989-02-28,,,,,5.8,7.6,
1989-03-31,,,,,5.9,7.4,
1989-04-30,,,,,5.6,7.3,
1989-05-31,13.75,,,,5.9,7.2,
1989-06-30,,,,,5.8,7.2,
1989-07-31,,,,,5.7,7.1,
1989-08-31,13.84,,,,5.5,7.1,
1989-09-30,13.815000000000001,,,,5.7,7.1,
1989-10-31,14.88,,,,5.8,7.0,
1989-11-30,,,,,5.7,7.0,
1989-12-31,,,,,5.8,7.0,
1990-01-31,,,,669873.0,6.95,7.0,
1990-02-28,,,,,6.3,6.9,
1990-03-31,,,,,6.2,6.9,
1990-04-30,,,,,7.7,6.9,
1990-05-31,,,,,8.2,6.9,
1990-06-30,,,,,8.2,6.9,
1990-07-31,,,,,8.2,7.0,
1990-08-31,,,,,8.9,7.1,
1990-09-30,,,,,9.2,7.2,
1990-10-31,13.88,,,,9.2,7.3,
1990-11-30,,,,,9.2,7.5,
1990-12-31,,,,,9.2,7.6,
1991-01-31,,,,706821.0,8.05,8.35,
1991-02-28,13.13,,,,8.2,8.0,
1991-03-31,12.38,,,,8.3,8.2,
1991-04-30,11.88,,,,8.0,8.5,
1991-05-31,11.38,,,,7.5,8.7,
1991-06-30,,,,,7.7,8.8,
1991-07-31,10.88,,,,7.5,9.0,
1991-08-31,,,,,7.5,9.2,
1991-09-30,10.38,,,,6.9,9.3,
1991-10-31,,,,,6.5,9.4,
1991-11-30,,,,,6.5,9.5,
1991-12-31,,,,,6.5,9.5,
1992-01-31,,,,732295.0,5.4,9.75,
1992-02-29,,,,,6.3,9.7,
1992-03-31,,,,,6.2,9.8,
1992-04-30,,,,,5.2,9.8,
1992-05-31,9.88,,,,5.1,9.8,
1992-06-30,,,,,4.6,9.9,
1992-07-31,,,,,4.5,9.9,
1992-08-31,,,,,3.7,9.9,
1992-09-30,8.88,,,,3.7,10.1,
1992-10-31,7.88,,,,3.5,10.2,
1992-11-30,6.88,,,,3.3,10.4,
1992-12-31,,,,,3.2,10.5,
1993-01-31,5.88,,,771414.0,2.8,10.55,
1993-02-28,,,,,3.1,10.6,
1993-03-31,,,,,3.2,10.6,
1993-04-30,,,,,2.6,10.5,
1993-05-31,,,,,2.3,10.4,
1993-06-30,,,,,2.2,10.4,
1993-07-31,,,,,2.3,10.3,
1993-08-31,,,,,2.6,10.2,
1993-09-30,,,,,2.7,10.3,
1993-10-31,,,,,2.4,10.2,
1993-11-30,5.38,,,,2.1,10.3,
1993-12-31,,,,,2.3,10.3,
1994-01-31,,,,812289.0,2.4000000000000004,9.8,
1994-02-28,5.13,,,,2.4,9.9,
1994-03-31,,,,,2.2,9.8,
1994-04-30,,,,,2.4,9.7,
1994-05-31,,,,,2.4,9.7,
1994-06-30,,,,,2.3,9.6,
1994-07-31,,,,,2.1,9.5,
1994-08-31,,,,,2.2,9.4,
1994-09-30,5.63,,,,1.9,9.3,
1994-10-31,,,,,1.8,9.1,
1994-11-30,,,,,2.1,9.0,
1994-12-31,6.13,,,,2.2,8.9,
1995-01-31,,,,853228.0,2.55,8.75,
1995-02-28,6.63,,,,2.3,8.9,
1995-03-31,,,,,2.4,8.8,
1995-04-30,,,,,2.3,8.8,
1995-05-31,,,,,2.6,8.7,
1995-06-30,,,,,2.7,8.7,
1995-07-31,,,,,2.8,8.6,
1995-08-31,,,,,2.7,8.6,
1995-09-30,,,,,3.0,8.6,
1995-10-31,,,,,3.0,8.6,
1995-11-30,,,,,2.9,8.3,
1995-12-31,6.38,,,,3.1,8.4,
1996-01-31,6.13,,,911191.0,2.9,8.2,
1996-02-29,,,,,3.0,8.2,
1996-03-31,5.94,,,,3.0,8.3,
1996-04-30,,,,,2.8,8.3,
1996-05-31,,,,,2.8,8.3,
1996-06-30,5.69,,,,2.8,8.2,
1996-07-31,,,,,2.7,8.1,
1996-08-31,,,,,2.7,8.1,
1996-09-30,,,,,2.7,8.1,
1996-10-31,5.94,,,,3.0,8.0,
1996-11-30,,,,,3.1,7.8,
1996-12-31,,,,,2.8,7.7,
1997-01-31,,,,953405.0,2.4000000000000004,7.2,
1997-02-28,,,,,2.4,7.3,
1997-03-31,,,,,2.2,7.2,
1997-04-30,,,,,2.1,7.2,
1997-05-31,6.25,,,,2.1,7.2,
1997-06-30,6.5,,,,2.1,7.3,
1997-07-31,6.75,,,,2.4,7.1,
1997-08-31,7.0,,,,2.3,6.8,
1997-09-30,,,,,2.2,6.7,
1997-10-31,,,,,2.2,6.6,
1997-11-30,7.25,,,,2.1,6.5,
1997-12-31,,,,,1.9,6.4,
1998-01-31,,,,998501.0,1.8,6.300000000000001,
1998-02-28,,,,,1.8,6.4,
1998-03-31,,,,,1.9,6.3,
1998-04-30,,,,,2.1,6.3,
1998-05-31,,,,,2.2,6.3,
1998-06-30,7.5,,,,1.9,6.3,
1998-07-31,,,,,1.7,6.3,
1998-08-31,,,,,1.6,6.2,
1998-09-30,,,,,1.7,6.2,
1998-10-31,7.25,,,,1.6,6.2,
1998-11-30,6.75,,,,1.7,6.1,
1998-12-31,6.25,,,,1.9,6.2,
1999-01-31,6.0,,,1043248.0,1.85,6.1,
1999-02-28,5.5,,,,1.9,6.2,
1999-03-31,,,,,2.1,6.2,
1999-04-30,5.25,,,,2.0,6.1,
1999-05-31,,,,,1.7,6.0,
1999-06-30,5.0,,,,1.8,6.0,
1999-07-31,,,,,1.7,5.9,
1999-08-31,,,,,1.6,5.9,
1999-09-30,5.25,,,,1.6,5.8,
1999-10-31,,,,,1.5,5.8,
1999-11-30,5.5,,,,1.5,5.8,
1999-12-31,,,,,1.5,5.9,
2000-01-31,5.75,,3023.9466959635415,1100752.0,1.2,5.6,
2000-02-29,6.0,,,,1.2,5.8,
2000-03-31,,,,,1.0,5.7,
2000-04-30,,,,,0.9,5.6,
2000-05-31,,,,,1.0,5.5,
2000-06-30,,,,,1.2,5.3,
2000-07-31,,,,,1.2,5.3,
2000-08-31,,,,,1.0,5.3,
2000-09-30,,,,,1.3,5.4,
2000-10-31,,,,,1.4,5.3,
2000-11-30,,,,,1.5,5.2,
2000-12-31,,,,,1.2,5.2,
2001-01-31,,,2743.6053385416667,1146135.0,1.4,5.15,
2001-02-28,5.75,,,,1.2,5.1,
2001-03-31,,,,,1.3,5.0,
2001-04-30,5.5,,,,1.5,4.9,
2001-05-31,5.25,,,,1.9,5.0,
2001-06-30,,,,,1.9,5.0,
2001-07-31,,,,,1.7,5.1,
2001-08-31,5.0,,,,2.1,5.1,
2001-09-30,4.75,,,,1.7,5.1,
2001-10-31,4.5,,,,1.6,5.1,
2001-11-30,4.0,,,,1.2,5.2,
2001-12-31,,,,,1.4,5.2,
2002-01-31,,,2266.2,1191439.0,1.65,5.15,
2002-02-28,,,,,1.7,5.2,
2002-03-31,,,,,1.7,5.2,
2002-04-30,,,,,1.6,5.2,
2002-05-31,,,,,1.2,5.2,
2002-06-30,,,,,1.1,5.2,
2002-07-31,,,,,1.4,5.2,
2002-08-31,,,,,1.3,5.3,
2002-09-30,,,,,1.2,5.2,
2002-10-31,,,,,1.5,5.2,
2002-11-30,,,,,1.6,5.1,
2002-12-31,,,,,1.7,5.0,
2003-01-31,,,1922.2199951171874,1258334.0,1.4,5.05,
2003-02-28,3.75,,,,1.6,5.2,
2003-03-31,,,,,1.6,5.1,
2003-04-30,,,,,1.5,5.0,
2003-05-31,,,,,1.3,4.9,
2003-06-30,,,,,1.2,5.1,
2003-07-31,3.5,,,,1.3,5.1,
2003-08-31,,,,,1.4,5.0,
2003-09-30,,,,,1.3,5.0,
2003-10-31,,,,,1.3,4.9,
2003-11-30,3.75,,,,1.3,4.9,
2003-12-31,,,,,1.3,4.8,
2004-01-31,,,2239.220003255208,1322637.0,1.45,4.8,
2004-02-29,4.0,,,,1.4,4.8,
2004-03-31,,,,,1.2,4.8,
2004-04-30,,,,,1.1,4.8,
2004-05-31,4.25,,,,1.4,4.8,
2004-06-30,4.5,,,,1.5,4.8,
2004-07-31,,,,,1.4,4.7,
2004-08-31,4.75,,,,1.4,4.7,
2004-09-30,,,,,1.2,4.7,
2004-10-31,,,,,1.3,4.7,
2004-11-30,,,,,1.5,4.7,
2004-12-31,,,,,1.8,4.7,
2005-01-31,,,2564.05732421875,1398749.0,1.9,4.8,
2005-02-28,,,,,1.7,4.7,
2005-03-31,,,,,2.0,4.7,
2005-04-30,,,,,1.9,4.8,
2005-05-31,,,,,1.9,4.8,
2005-06-30,,,,,2.0,4.7,
2005-07-31,,,,,2.3,4.7,
2005-08-31,4.5,,,,2.4,4.7,
2005-09-30,,,,,2.5,4.9,
2005-10-31,,,,,2.4,5.1,
2005-11-30,,,,,2.2,5.1,
2005-12-31,,,,,2.1,5.1,
2006-01-31,,,3014.73203125,1472038.0,2.35,5.300000000000001,
2006-02-28,,,,,2.2,5.2,
2006-03-31,,,,,2.0,5.3,
2006-04-30,,,,,2.2,5.4,
2006-05-31,,,,,2.4,5.5,
2006-06-30,,,,,2.6,5.5,
2006-07-31,,,,,2.5,5.5,
2006-08-31,4.75,,,,2.6,5.5,
2006-09-30,,,,,2.5,5.5,
2006-10-31,,,,,2.5,5.4,
2006-11-30,5.0,,,,2.8,5.5,
2006-12-31,,,,,2.9,5.5,
2007-01-31,5.25,,3294.3626953125,1544637.0,2.55,5.4,
2007-02-28,,,,,2.7,5.5,
2007-03-31,,,,,2.9,5.5,
2007-04-30,,,,,2.7,5.4,
2007-05-31,5.5,,,,2.5,5.4,
2007-06-30,,,,,2.5,5.3,
2007-07-31,5.75,,,,2.0,5.3,
2007-08-31,,,,,2.0,5.3,
2007-09-30,,,,,2.0,5.2,
2007-10-31,,,,,2.3,5.2,
2007-11-30,,,,,2.2,5.2,
2007-12-31,5.5,,,,2.3,5.2,
2008-01-31,,,2773.7933430989583,1593600.0,2.95,5.45,
2008-02-29,5.25,,,,2.6,5.2,
2008-03-31,,,,,2.6,5.3,
2008-04-30,5.0,,,,3.0,5.2,
2008-05-31,,,,,3.3,5.4,
2008-06-30,,,,,3.7,5.5,
2008-07-31,,,,,4.2,5.7,
2008-08-31,,,,,4.4,5.9,
2008-09-30,,,,,4.8,6.0,
2008-10-31,4.5,,,,4.2,6.2,
2008-11-30,3.0,,,,3.8,6.4,
2008-12-31,2.0,,,,3.0,6.5,
2009-01-31,1.5,,2288.6746500651043,1548802.0,2.45,7.15,
2009-02-28,1.0,,,,3.1,7.1,
2009-03-31,0.5,,,,2.8,7.3,
2009-04-30,,,,,2.3,7.6,
2009-05-31,,,,,2.1,7.8,
2009-06-30,,,,,1.7,7.9,
2009-07-31,,,,,1.6,7.9,
2009-08-31,,,,,1.4,7.8,
2009-09-30,,,,,1.0,7.9,
2009-10-31,,,,,1.2,7.8,
2009-11-30,,,,,1.5,7.8,
2009-12-31,,,,,2.1,7.7,
2010-01-31,,4.002465,2767.2806803385415,1608553.0,2.55,7.9,
2010-02-28,,4.06239,,,2.1,8.0,
2010-03-31,,4.091473913043478,,,2.4,8.0,
2010-04-30,,4.100735,,,2.7,7.9,
2010-05-31,,3.7772,,,2.5,7.9,
2010-06-30,,3.60065,,,2.4,7.8,
2010-07-31,,3.50865,,,2.3,7.8,
2010-08-31,,3.232966666666667,,,2.4,7.8,
2010-09-30,,3.1270818181818183,,,2.4,7.9,
2010-10-31,,3.0685142857142855,,,2.5,7.9,
2010-11-30,,3.3109772727272726,,,2.6,7.9,
2010-12-31,,3.6098476190476187,,,3.1,7.9,
2011-01-31,,3.72725,2983.980013020833,1662590.0,3.5999999999999996,7.95,
2011-02-28,,3.8799300000000003,,,3.7,7.8,
2011-03-31,,3.7385739130434783,,,3.5,7.7,
2011-04-30,,3.7618666666666667,,,3.8,7.8,
2011-05-31,,3.5052999999999996,,,3.8,7.9,
2011-06-30,,3.414445454545455,,,3.6,8.0,
2011-07-31,,3.3137238095238097,,,3.8,8.2,
2011-08-31,,2.783345454545455,,,3.9,8.3,
2011-09-30,,2.5040363636363634,,,4.5,8.4,
2011-10-31,,2.528995238095238,,,4.3,8.5,
2011-11-30,,2.2917,,,4.1,8.4,
2011-12-31,,2.18281,,,3.7,8.3,
2012-01-31,,2.110352380952381,2966.8939615885415,1713715.0,2.9000000000000004,8.100000000000001,
2012-02-29,,2.2191,,,3.1,8.2,
2012-03-31,,2.3229863636363635,,,3.1,8.2,
2012-04-30,,2.211684210526316,,,2.8,8.1,
2012-05-31,,1.9415954545454546,,,2.5,8.0,
2012-06-30,,1.7698263157894736,,,2.3,8.0,
2012-07-31,,1.6522818181818182,,,2.4,7.9,
2012-08-31,,1.673459090909091,,,2.3,7.8,
2012-09-30,,1.72224,,,2.1,7.8,
2012-10-31,,1.772082608695652,,,2.4,7.8,
2012-11-30,,1.774059090909091,,,2.4,7.8,
2012-12-31,,1.8467,,,2.4,7.8,
2013-01-31,,2.079518181818182,3409.391943359375,1781361.0,2.3499999999999996,7.8,
2013-02-28,,2.17807,,,2.5,7.8,
2013-03-31,,1.9767700000000001,,,2.5,7.8,
2013-04-30,,1.7823952380952381,,,2.2,7.7,
2013-05-31,,1.9462380952380953,,,2.4,7.7,
2013-06-30,,2.3062899999999997,,,2.6,7.7,
2013-07-31,,2.470965217391304,,,2.5,7.7,
2013-08-31,,2.708804761904762,,,2.4,7.6,
2013-09-30,,2.844338095238095,,,2.4,7.4,
2013-10-31,,2.6784086956521738,,,2.0,7.2,
2013-11-30,,2.7598,,,1.9,7.2,
2013-12-31,,2.945795,,,1.9,7.1,
2014-01-31,,2.9099999999999997,3564.795345052083,1862514.0,1.65,6.550000000000001,
2014-02-28,,2.8146899999999997,,,1.6,6.7,
2014-03-31,,2.783647619047619,,,1.5,6.6,
2014-04-30,,2.741715,,,1.7,6.4,
2014-05-31,,2.69895,,,1.5,6.3,
2014-06-30,,2.7842285714285717,,,1.8,6.1,
2014-07-31,,2.7342608695652175,,,1.6,6.0,
2014-08-31,,2.534675,,,1.5,6.0,
2014-09-30,,2.4918954545454546,,,1.3,5.9,
2014-10-31,,2.246921739130435,,,1.3,5.9,
2014-11-30,,2.15931,,,1.1,5.7,
2014-12-31,,1.9286952380952382,,,0.7,5.6,
2015-01-31,,1.5889619047619048,3591.146695963542,1916451.0,0.45,5.5,
2015-02-28,,1.736475,,,0.4,5.5,
2015-03-31,,1.794090909090909,,,0.3,5.5,
2015-04-30,,1.75504,,,0.3,5.6,
2015-05-31,,2.0242894736842105,,,0.4,5.6,
2015-06-30,,2.1696500000000003,,,0.3,5.5,
2015-07-31,,2.1352565217391306,,,0.5,5.4,
2015-08-31,,1.97993,,,0.4,5.3,
2015-09-30,,1.8814454545454546,,,0.2,5.2,
2015-10-31,,1.8459772727272727,,,0.2,5.1,
2015-11-30,,1.977890476190476,,,0.4,5.1,
2015-12-31,,1.9234047619047618,,,0.5,5.1,
2016-01-31,,1.7833200000000002,3526.111295572917,1991645.0,0.8,5.0,
2016-02-29,,1.5031809523809525,,,0.6,5.1,
2016-03-31,,1.5433714285714286,,,0.8,5.0,
2016-04-30,,1.5687761904761903,,,0.7,4.9,
2016-05-31,,1.536585,,,0.7,4.9,
2016-06-30,,1.3105318181818182,,,0.8,4.9,
2016-07-31,,0.956895238095238,,,0.9,5.0,
2016-08-31,0.25,0.7421045454545454,,,1.0,4.8,
2016-09-30,,0.824309090909091,,,1.3,4.8,
2016-10-31,,1.0779571428571428,,,1.3,4.8,
2016-11-30,,1.3817636363636365,,,1.5,4.7,
2016-12-31,,1.4336449999999998,,,1.8,4.7,
2017-01-31,,1.4203380952380953,3999.975309244792,2082482.0,2.25,4.5,
2017-02-28,,1.305825,,,2.3,4.6,
2017-03-31,,1.1939652173913045,,,2.3,4.5,
2017-04-30,,1.0788833333333332,,,2.6,4.4,
2017-05-31,,1.1174809523809524,,,2.7,4.4,
2017-06-30,,1.0846272727272728,,,2.6,4.3,
2017-07-31,,1.271342857142857,,,2.6,4.3,
2017-08-31,,1.124068181818182,,,2.7,4.3,
2017-09-30,,1.2435714285714288,,,2.8,4.2,
2017-10-31,,1.3816318181818181,,,2.8,4.3,
2017-11-30,0.5,1.3298954545454544,,,2.8,4.4,
2017-12-31,,1.2781,,,2.7,4.3,
2018-01-31,,1.39315,4057.902766927083,2152304.0,2.5,4.15,
2018-02-28,,1.60337,,,2.5,4.2,
2018-03-31,,1.5079809523809524,,,2.3,4.2,
2018-04-30,,1.5108549999999998,,,2.2,4.2,
2018-05-31,,1.5015809523809525,,,2.3,4.0,
2018-06-30,,1.4229428571428573,,,2.3,4.0,
2018-07-31,,1.373909090909091,,,2.3,4.0,
2018-08-31,0.75,1.3991045454545454,,,2.4,4.1,
2018-09-30,,1.5023300000000002,,,2.2,4.1,
2018-10-31,,1.546204347826087,,,2.2,4.0,
2018-11-30,,1.4541181818181819,,,2.2,4.0,
2018-12-31,,1.312542105263158,,,2.0,3.9,
2019-01-31,,1.322059090909091,3974.91669921875,2233921.0,1.75,3.9,
2019-02-28,,1.23904,,,1.8,3.8,
2019-03-31,,1.1900190476190478,,,1.8,3.8,
2019-04-30,,1.19058,,,2.0,3.8,
2019-05-31,,1.130004761904762,,,1.9,3.9,
2019-06-30,,0.9190250000000001,,,1.9,3.9,
2019-07-31,,0.830404347826087,,,2.0,3.9,
2019-08-31,,0.5776285714285715,,,1.7,3.9,
2019-09-30,,0.5981095238095238,,,1.7,3.8,
2019-10-31,,0.6373304347826086,,,1.5,3.8,
2019-11-30,,0.7649761904761905,,,1.5,3.7,
2019-12-31,,0.8307650000000001,,,1.4,3.9,
2020-01-31,,0.7235545454545455,3554.833317057292,2103486.0,1.4,4.25,
2020-02-29,,0.632955,,,1.7,4.1,
2020-03-31,0.175,0.46092272727272726,,,1.5,4.1,
2020-04-30,,0.357725,,,0.9,4.1,
2020-05-31,,0.27433684210526316,,,0.7,4.1,
2020-06-30,,0.27798636363636364,,,0.8,4.4,
2020-07-31,,0.20944782608695653,,,1.1,4.6,
2020-08-31,,0.271665,,,0.5,5.0,
2020-09-30,,0.2730090909090909,,,0.7,5.2,
2020-10-31,,0.30581363636363634,,,0.9,5.2,
2020-11-30,,0.3836523809523809,,,0.6,5.3,
2020-12-31,,0.32239047619047617,,,0.8,5.2,
2021-01-31,,0.36717,3911.873323567708,2285400.0,1.7,4.8,
2021-02-28,,0.6222,,,0.7,4.9,
2021-03-31,,0.8456478260869565,,,1.0,4.8,
2021-04-30,,0.851525,,,1.6,4.8,
2021-05-31,,0.9058,,,2.1,4.7,
2021-06-30,,0.8549363636363636,,,2.4,4.6,
2021-07-31,,0.6979045454545454,,,2.1,4.5,
2021-08-31,,0.6440095238095238,,,3.0,4.4,
2021-09-30,,0.8023,,,2.9,4.3,
2021-10-31,,1.0829952380952381,,,3.8,4.2,
2021-11-30,,0.9394045454545453,,,4.6,4.2,
2021-12-31,0.25,0.8375047619047619,,,4.8,4.1,
2022-01-31,,1.2051349999999998,4146.5517171223955,2526428.0,6.4,3.8499999999999996,
2022-02-28,0.5,1.48909,,,5.5,3.8,
2022-03-31,0.75,1.5457434782608697,,,6.2,3.8,
2022-04-30,,1.8361947368421054,,,7.8,3.7,
2022-05-31,1.0,1.9068809523809525,,,7.9,3.8,
2022-06-30,1.25,2.382385,,,8.2,3.6,
2022-07-31,,2.1453571428571427,,,8.8,3.6,
2022-08-31,1.75,2.327818181818182,,,8.6,3.7,
2022-09-30,2.25,3.500714285714286,,,8.8,3.8,
2022-10-31,,4.1095523809523815,,,9.6,3.9,
2022-11-30,3.0,3.417063636363636,,,9.3,3.9,
2022-12-31,3.5,3.5015099999999997,,,9.2,3.9,
2023-01-31,,3.5114714285714284,,2717320.0,7.800000000000001,4.05,
2023-02-28,4.0,3.55525,,,9.2,4.0,
2023-03-31,4.25,3.563821739130435,,,8.9,3.9,
2023-04-30,,3.650266666666667,,,7.8,4.0,
2023-05-31,4.5,3.96211,,,7.9,4.2,
2023-06-30,5.0,4.365904545454545,,,7.3,4.3,
2023-07-31,,4.437171428571428,,,6.4,4.3,
2023-08-31,5.25,4.529836363636363,,,6.3,4.1,
2023-09-30,,4.419933333333334,,,6.3,4.0,
2023-10-31,,4.5694954545454545,,,4.7,4.0,
2023-11-30,,4.272068181818182,,,4.2,3.9,
2023-12-31,,3.8621736842105263,,,4.2,4.1,
2024-01-31,,3.931931818181818,,2848046.0,3.75,4.25,
2024-02-29,,4.123038095238095,,,3.8,4.3,
2024-03-31,,4.033025,,,3.8,4.4,
2024-04-30,,4.217209523809524,,,3.0,4.4,
2024-05-31,,4.2229,,,2.8,4.2,
2024-06-30,,4.1643799999999995,,,2.8,4.2,
2024-07-31,,4.138613043478261,,,3.1,4.1,
2024-08-31,5.0,3.9443904761904762,,,3.1,4.3,
2024-09-30,,3.9052761904761906,,,2.6,4.3,
2024-10-31,,4.1993,,,3.2,4.4,
2024-11-30,4.75,4.4164095238095245,,,3.5,4.4,
2024-12-31,,4.43448,,,3.5,4.4,
2025-01-31,,4.662690909090909,4538.8701171875,,3.9,4.4,
2025-02-28,,4.506255,,,3.7,,
2025-03-31,,4.644785714285714,,,3.4,,
2025-04-30,,4.615208333333333,,,,,
